fcs_AB,Antibody
CD45_SCS,CD45
CD11b_empty,CD11b
CD45,CD45
CD57,CD57
Beads,Beads
KLRG1,KLRG1
TIGIT,TIGIT
CD27,CD27
CD127,CD127
CD11c_CD19_CD14,CD11c_CD14_CD19
TCRgd,TCRgd
CD3,CD3
PD1,PD-1
CD29,CD29
CD39,CD39
CTLA4,CTLA-4
IntegrinB7,Integrin-b7
CD200,CD200
CD103,CD103
CCR2,CCR2
CX3CR1,CX3CR1
TCRab,TCRab
LD,Dead Cells
CD16,CD11b
PX40,OX40
CD45_barc,CD45
OX40,OX40
CD11b,CD11b
klrg1,KLRG1
CD137,CD137
CD11c_CD14_CD19,CD11c_CD14_CD19
CD244,CD244
PD-1,PD-1
CCR5,CCR5
CTLA-4,CTLA-4
intB7,Integrin-b7
PE_tetramer,PE_tetramer
CD85j,CD85j
CXCR4,CXCR4
APC_CLIP,CLIP
Cisplatin,Dead Cells
empty,Empty
_CD45_carrier,CD45
CD28,CD28
CD49d,CD49d
ICOS,ICOS
CD38,CD38
CD4,CD4
CD8,CD8
CD56,CD56
CD62L,CD62L
CCR4,CCR4
CD161,CD161
CXCR3,CXCR3
CCR7,CCR7
CD73,CD73
CD25,CD25
CD45RA,CD45RA
CXCR5,CXCR5
CD69,CD69
HLA-DR,HLA-DR
CCR6,CCR6
DNA1,DNA1
DNA2,DNA2
